name,lastname,password,isadmin,nick,a
Caldwell,Robertson,DNJ91LRR6CN,Yes,robertson,a
Kuame,Malone,LCI88NWJ2JT,Yes,malone3970,a
Kareem,Strong,QME20RZD7GD,Yes,strong4847,a
Montana,Hurst,UQE17QMI2QG,No,hurst5964,a
Lunea,Scott,PLY38GEU7XG,No,scott7771,a
Paul,Mendez,VNL86PIY2TI,No,mendez4731,a
Erin,Roberts,WGV78FHH9DB,No,roberts8173,a
Ulla,Roach,FCB21NBJ9TC,No,roach2841,a
Whoopi,Baird,URA05JPI5UH,No,baird4371,a
Eric,Mcdonald,WTY27LZN3FP,No,mcdonald,a
Abra,Kirby,NFN02NQR0MS,No,kirby6579,a
Patricia,Farrell,BXQ63OYC5QB,No,farrell1385,a
India,Garner,KYT91BVJ2YN,No,garner7486,a
Alexander,Bolton,HJN70BWN6WI,No,bolton2293,a
Sade,Pierce,TVE57GKK6FK,No,pierce,a
George,Irwin,FYC20MIC5LR,No,irwin,a
Drew,Hood,JFG86YGH1VF,No,hood5711,a
Lucius,Maxwell,JLN48JCU4MD,No,maxwell7694,a
Brady,Lara,GIA31MTZ8IQ,No,lara,a
Faith,Coffey,TMG45CDG1IL,No,coffey,a
Illana,Cleveland,JFV01KHU3TJ,No,cleveland9539,a
Blake,Mckenzie,CIK81XHB3PD,No,mckenzie9221,a
Belle,Perkins,GKR67KUW5JD,No,perkins,a
Eaton,Pitts,AEO28XMR6KH,No,pitts5589,a
Ahmed,Christensen,CMN73UMJ8DS,No,christensen3464,a
Kevin,Monroe,DYO48VWC8XK,No,monroe1680,a
Finn,Brewer,YLJ57BWU8PW,No,brewer8372,a
Imani,Gilmore,BUZ81QZT8RR,No,gilmore,a
Kevin,Dominguez,UOS77YPL9OB,No,dominguez1001,a
Guy,Ashley,AGK77NDX1AH,No,ashley8112,a
Buffy,Figueroa,SLK74EQO5UI,No,figueroa2200,a
Flavia,Morton,SBF48QYW3II,No,morton9644,a
Amaya,Osborne,VGR82GXV1QA,No,osborne,a
Ferris,Glover,RXL56HTK4UV,No,glover,a
Phoebe,Everett,TRE42FHO4RQ,No,everett,a
Tamara,Cannon,EYM36XNT0ET,No,cannon,a
Gannon,Love,FRA62REG5MR,No,love,a
Jenna,Davenport,NBL30KHI5KX,No,davenport4932,a
Benedict,Valentine,YUD07CJZ6WA,No,valentine,a
Rhonda,Guerrero,HEB26QSO5EU,No,guerrero4555,a
Paloma,Molina,BYP80UXY5TC,No,molina6504,a
Tucker,Contreras,MTJ84YBQ3EX,No,contreras4491,a
Doris,Marquez,TML47PRN2QC,No,marquez,a
Bo,Martin,JNP89KQT8ZH,No,martin,a
Meghan,Finch,OTL42TDP5SH,No,finch,a
Dillon,Guthrie,PFA63YJF4BD,No,guthrie,a
Ivy,Wiley,QWU51EJV2NX,No,wiley3904,a
Regina,Baldwin,AIW67SBC2XB,No,baldwin9594,a
Xena,Walter,MFL22YCX4TT,No,walter9114,a
Kane,Wilkinson,EJO08PRR2TW,No,wilkinson,a
Perry,Farrell,IJB85ZWW1EZ,No,farrell9160,a
Raya,Glass,ONJ25EZW3PM,No,glass,a
Lareina,Fuller,QAR14EUG2HO,No,fuller,a
Mia,Carney,VLG62XRH8TH,No,carney,a
Hyacinth,James,MQM64ASP6PU,No,james2438,a
Grady,Snyder,UHX48FKX9VK,No,snyder3869,a
Leonard,Todd,KPY83SEW2ZK,No,todd3543,a
Chandler,Mckinney,IRT77MWI1ED,No,mckinney8572,a
Bernard,Calderon,LYK74UVH8AB,No,calderon,a
Hoyt,Stuart,MPX76SCY8UE,No,stuart3431,a
Erasmus,Hoffman,JNQ75MGH3AB,No,hoffman9508,a
Marcia,Navarro,VJQ67HRM8PX,No,navarro3862,a
Victoria,Morrison,SDW24RBC7PH,No,morrison6602,a
Ingrid,Cooper,XQG08WFN8RM,No,cooper427,a
Jarrod,Forbes,EDE55MDZ9UB,No,forbes,a
Wade,Fuller,YEN84VOI4HM,No,fuller,a
Tara,Bernard,MFC62KBT7YL,No,bernard9573,a
Alisa,Serrano,RXL83VMF2HQ,No,serrano5407,a
Kathleen,Blackwell,LDH85XAB7RL,No,blackwell4019,a
Russell,Tucker,NPG34LSD8UM,No,tucker,a
Ria,Rodriquez,JYK13DTM6YB,No,rodriquez220,a
Ignacia,Mayo,SXB72YBN3SS,No,mayo,a
Julie,Mcintyre,KRG44QBH1TH,No,mcintyre8631,a
Dennis,Rosa,XGI16DVT9IT,No,rosa,a
Tallulah,Carlson,XPP72IOF2PT,No,carlson,a
Cooper,Reyes,KKI56WUH8CG,No,reyes,a
Clinton,Castaneda,DKX70TOU9IG,No,castaneda,a
Gloria,Calhoun,XXX77SBP7BX,No,calhoun3592,a
Gregory,Patterson,DOE62OBT8JD,No,patterson2904,a
Driscoll,Castro,QCC01VEN6WM,No,castro3524,a
Quinlan,Coleman,ULZ58LPB2QR,No,coleman,a
Bianca,Medina,TTU56CQE7AI,No,medina4074,a
Lucian,Morgan,JPU17GIP1TR,No,morgan,a
Kelly,Cline,SYO30YEJ4MG,No,cline,a
Amos,Bates,SXY24JDS2TN,No,bates932,a
Warren,Ortega,VFM58UYE0UL,No,ortega,a
John,Alvarado,YZB13KKA3DG,No,alvarado7297,a
Stella,Allen,XLN25NFZ6ID,No,allen4527,a
Stacey,Cardenas,VKF86OSY7XH,No,cardenas,a
Wallace,Daniel,NFF26LTS5SN,No,daniel909,a
Russell,Holden,HJV21TOS5ER,No,holden,a
Danielle,Wiley,VSK54DUJ2YE,No,wiley8606,a
Jerry,Whitney,OOB16TKN8QG,No,whitney,a
Adrian,Irwin,IEY15PSH1JP,No,irwin,a
Colton,Harrison,AHJ34UZQ7MO,No,harrison8309,a
Emily,Kramer,NUT33GVU0PL,No,kramer,a
Sheila,Sanchez,FHD94LSY5QW,No,sanchez,a
Nolan,Oliver,NMW63LPU4XW,No,oliver262,a
Keiko,Shelton,MYP81JDO6WW,No,shelton,a
Anika,Maxwell,YUJ25WAA7EL,No,maxwell333,a
Ferris,Pope,YJP72HLR7TV,No,pope9450,a
Mark,Hughes,LXQ06VDT5XS,No,hughes1101,a
Rhiannon,Castro,PTU87BKP7FD,No,castro,a
Ifeoma,Pickett,LVV94LVV1BH,No,pickett2806,a
Fleur,Dalton,FPG44VTN0QW,No,dalton,a
Chanda,Chase,YQY51CXE5AT,No,chase,a
Karly,Ayers,NWM96UVX0KJ,No,ayers1840,a
Althea,Hood,YMN54MDZ7IT,No,hood,a
Veda,Greer,MEF91PXR3KE,No,greer,a
Joel,Burch,JWV41WLX6FD,No,burch3117,a
Jada,Sims,UKE42RZC7HG,No,sims5416,a
Ashton,Conner,DMR88EGT3CP,No,conner,a
Glenna,Walls,JTX43JJR5UP,No,walls7542,a
Martin,Valentine,OGM53BBH2NC,No,valentine7475,a
Forrest,Mccullough,UET34TLK2MX,No,mccullough,a
Uriah,Bridges,KTS68HSF5MQ,No,bridges2672,a
Shelly,Guzman,RFD53BDA2WY,No,guzman5298,a
Blaze,Barron,UMU14RMG7BN,No,barron7104,a
Cheryl,Lynch,WOK16UHG5TM,No,lynch505,a
Maite,Pitts,ITL67FRR5TY,No,pitts,a
Joseph,Leon,BAI48PEJ7WD,No,leon2657,a
Solomon,Pruitt,LMN03CFN8CZ,No,pruitt4134,a
Oprah,Merrill,HJE22TSO5KD,No,merrill417,a
Eleanor,Browning,XYS28QTB5JO,No,browning4381,a
Summer,Nielsen,FKA06LWD9YS,No,nielsen,a
Tatiana,Potts,RCG52APM3VW,No,potts,a
Elizabeth,Montgomery,HIO64SMW2AH,No,montgomery,a
Davis,Lucas,RZW60IHZ3GC,No,lucas,a
Shana,Richard,XXI15CJI8AH,No,richard2313,a
Judith,Schultz,OTX52DBK8BD,No,schultz,a
Melyssa,Johnson,SRV85OED2CM,No,johnson1786,a
Melissa,Medina,RPL50KVH2GA,No,medina,a
Deanna,Wood,ITJ21WSQ2MU,No,wood,a
Lewis,Goodman,AFB46DTI6SH,No,goodman3710,a
Conan,Snow,BBO24MYF1JQ,No,snow5880,a
Dawn,Bray,NSM59JNR4QG,No,bray,a
Melanie,Dawson,JCM62HJD7FT,No,dawson,a
Kaitlin,Mathews,VZB32CRK0YK,No,mathews7253,a
Minerva,Mcclure,SMF92PGD8LJ,No,mcclure,a
Olga,Mccall,FVX73FTB6YB,No,mccall,a
Sylvester,Goodwin,FPN24YHG6DU,No,goodwin,a
Rashad,Blevins,QJX45RXP3ML,No,blevins5591,a
Martin,Lopez,IQD42JSN4RE,No,lopez8557,a
Zephania,Acosta,OVM85DWH1PG,No,acosta,a
Maya,Wilkinson,HKH13BXO2FX,No,wilkinson,a
Quyn,Jacobs,LYN57YYP7TB,No,jacobs,a
Carolyn,Curry,RDM23NOO2IZ,No,curry,a
Aurora,Gates,BJM30ONB1QY,No,gates5025,a
Griffin,Watkins,CXI24YWM4RC,No,watkins,a
Camden,Ruiz,UFK86TIN3UD,No,ruiz2784,a
Risa,Gonzalez,PMC02HDB3MB,No,gonzalez,a
Katelyn,Walton,EPR83RDB0PT,No,walton3949,a
Quemby,Griffith,MOJ41GNO5KN,No,griffith,a
Hilary,Morrow,ZPD53ONA7GF,No,morrow7282,a
Wing,Decker,VLQ40ORY4TC,No,decker,a
Elijah,Roth,ZGP48WDO1QC,No,roth,a
Melodie,Hester,TIL34SED9KE,No,hester9782,a
Blaze,Santos,SBA17SVJ4QR,No,santos2006,a
Sharon,Garrett,EVX83GRQ7MH,No,garrett9404,a
Jerry,Morrison,PRT63NXR8TY,No,morrison,a
Forrest,Shepherd,SGF06LJJ8SF,No,shepherd,a
Carlos,Leblanc,ASN31RLC2WR,No,leblanc4023,a
Lila,Gallegos,TWS22SRS8LQ,No,gallegos,a
Orlando,Galloway,HAT07UXJ3ZH,No,galloway9563,a
Vincent,Atkinson,WHU77IWF1OC,No,atkinson1593,a
Lavinia,Mcneil,JXW24XWD7IE,No,mcneil,a
Wilma,Rivera,JXV74NUL1HF,No,rivera7438,a
Meghan,White,YCF48CXF8UJ,No,white169,a
Hadassah,Dale,NCI42BLU8AE,No,dale784,a
Barbara,Cantu,EIX47COJ2ML,No,cantu5338,a
Baker,Brennan,HPM96GSG4EY,No,brennan,a
Carl,Pickett,FDJ50EUV7LB,No,pickett5300,a
Wyoming,Caldwell,HMY85WXY0QE,No,caldwell,a
Timothy,Vang,QVR37YLP0XH,No,vang,a
Clio,Keller,XLF79MNL9PW,No,keller4227,a
Joan,Snider,GCZ37GDT0WK,No,snider,a
Adam,Cunningham,IJH39JOW4VY,No,cunningham,a
Bo,Yang,NWM36QRU8UW,No,yang,a
Lacota,Mcintosh,NVP71ZME4CP,No,mcintosh,a
MacKensie,Hale,VXH75YYH4LH,No,hale5812,a
Calvin,Acevedo,OFO16PXV1LE,No,acevedo,a
Castor,Ramsey,VWQ87KEE4UX,No,ramsey3585,a
Julian,Willis,YUP93OQO8HO,No,willis754,a
Vaughan,Heath,CZI15HQH8TB,No,heath,a
Sopoline,Baird,KHE41GJV4JD,No,baird5305,a
Paloma,Dejesus,NSD85SDX7JW,No,dejesus3738,a
Mara,Gilliam,NXF83FOQ8BN,No,gilliam6887,a
Scarlet,Buck,PGJ36VYI1TX,No,buck,a
Rahim,Murray,BLK36SJP0ZL,No,murray3662,a
Ella,Zamora,KEI37NBC6WH,No,zamora,a
Richard,Hayes,EPM13OVE8TF,No,hayes2933,a
Orlando,Campos,EJR49NFR4PC,No,campos,a
Jack,Parker,CLG13VOO1RY,No,parker9245,a
Keelie,Compton,MEF60AGU7PL,No,compton7935,a
McKenzie,Hood,WFM41NCL9XJ,No,hood,a
Kasimir,Manning,SFS26UQZ4UD,No,manning6721,a
Laurel,Valenzuela,OSI95GVS5IF,No,valenzuela2316,a
Alvin,Hicks,GSG43MNQ3IL,No,hicks9336,a
Isabella,Sanders,LKP88CQM2KY,No,sanders,a
Rogan,Cervantes,TTW13LRS7EH,No,cervantes5003,a
Jemima,Malone,MHQ46TBS1MC,No,malone6181,a
Rina,Moore,BXV67DCW2BF,No,moore,a
Sybill,Burgess,WGM36TFN8XQ,No,burgess,a
Kennedy,Emerson,FIG88GNS8LH,No,emerson6436,a
Marvin,Morin,ALH23NLC1LD,No,morin6526,a
Indira,Frank,TDO92EUV7IS,No,frank,a
Kareem,Faulkner,CPE77TOL8KW,No,faulkner704,a
Lamar,Compton,RHL36YRW1MX,No,compton8369,a
Kane,Franks,DCY24YRG2JS,No,franks,a
Jamalia,Larsen,MCT85VGK6DV,No,larsen208,a
Dara,Kim,LEH48EJX9YI,No,kim4157,a
Amena,Kaufman,BUZ73VLE5BH,No,kaufman,a
Sharon,Heath,WCW83QYN1TP,No,heath3440,a
Mohammad,Frye,IPV48LNJ3PP,No,frye,a
Ruby,Mccarty,ZHR65EFD1MR,No,mccarty,a
Keelie,Farmer,SDM64CYO9TS,No,farmer,a
Magee,Dickson,VYP49ONV1NZ,No,dickson8123,a
Rylee,Rice,KSH82ROQ2WU,No,rice,a
Kieran,Horn,QUL87MTV2NB,No,horn,a
Shelby,Bennett,RBO27NYM4FQ,No,bennett,a
Dylan,Olson,LKM56KLI2KX,No,olson464,a
Caryn,Lewis,XOJ19QOQ1SI,No,lewis,a
Noble,Fields,VAE52VWO4CY,No,fields,a
Cullen,Ellis,SQW33IYS5NJ,No,ellis9397,a
Kay,Forbes,OJR36QGL1DY,No,forbes3031,a
Noelle,Ortiz,XDI03PON1SH,No,ortiz9027,a
Abdul,Noel,QEW55RZV8CE,No,noel,a
Katell,Ballard,VHH41NOF2QD,No,ballard,a
Lester,Farrell,HXI36VDO0BH,No,farrell,a
Melvin,Hanson,IRS31OHX6WR,No,hanson,a
Serina,Flynn,UJT27HRZ4ZI,No,flynn,a
Lani,Fulton,WYG54WYM1IS,No,fulton5503,a
Kaye,Small,QNQ88JXC1WA,No,small,a
Libby,Richmond,ORJ34LPQ4DX,No,richmond8753,a
Myra,Leonard,CNK59XDK8SS,No,leonard,a
Vivian,Gould,NSR46UJN3SY,No,gould,a
Avram,Mcintyre,GPN62RVJ2CW,No,mcintyre9573,a
Stacy,Valdez,UDK58PVV2KK,No,valdez7806,a
Sopoline,Reid,DFV18EOY4HY,No,reid,a
Colby,Booker,VMM23CTB7JY,No,booker6670,a
Keelie,Middleton,IXH77TXT3OJ,No,middleton,a
Maile,Bass,ZKK66KSD2LP,No,bass,a
Heidi,Battle,IGJ71GEE4WC,No,battle,a
Bree,Wells,POT23ETI2RX,No,wells,a
Violet,Mcbride,VLA73SJE1LH,No,mcbride4465,a
Uriel,Gardner,PWS40APO8UO,No,gardner3683,a
Tallulah,Suarez,GNV45NHJ2WU,No,suarez,a
Lareina,Pittman,NPN08TBQ3HX,No,pittman5611,a
Ryder,Tanner,OHB37PPE7QK,No,tanner,a
Amos,Cortez,WCX37NME2DF,No,cortez,a
Moana,Ryan,ECS63SWC5RL,No,ryan4090,a
Adam,Bender,WGB35QOK4VI,No,bender,a
Cassandra,Wilkins,DXQ60DKX1YO,No,wilkins4347,a
Rashad,Hansen,XIR58TDY2MT,No,hansen5646,a
Thaddeus,Prince,SEI86OWR7TG,No,prince,a
Eaton,Valentine,KYM56JRO3PI,No,valentine7194,a
Maia,Noel,MKR47VWC4LA,No,noel,a
Regan,Marks,DGY25OYJ6YT,No,marks,a
Idona,Kane,YEG28XIO3RB,No,kane8258,a
Jason,Anderson,OQW25PLF2JD,No,anderson2128,a
Jasmine,Hall,FJX56SFM8RU,No,hall1040,a
Orla,Wyatt,YDA41IPE3VR,No,wyatt2390,a
Brock,Ford,WVW67YQH3SX,No,ford199,a
Leilani,Miles,SJL95XHN8ZR,No,miles,a
Leandra,Carroll,FXH83LWQ1FU,No,carroll1899,a
Adrienne,Best,MMH48QOJ3UU,No,best,a
Ferdinand,Marquez,BBE41WLD6YH,No,marquez,a
Velma,Hyde,XFI71PSI3IH,No,hyde,a
Lacy,Hancock,UEY28NKF2PM,No,hancock,a
Tanya,Romero,ZRO75UAV2SL,No,romero,a
Aidan,Erickson,ZWG98OJK7TW,No,erickson1766,a
Ila,Stokes,OHN59EFT8NE,No,stokes8608,a
Cody,Mcneil,NHS87HCV9FR,No,mcneil,a
Hamish,Gomez,XJX89GQO2ER,No,gomez,a
Piper,Keith,JIG25YJH6HN,No,keith7481,a
Natalie,Barton,ORV32CCF4MB,No,barton,a
Angelica,Wood,EDD32CFC4NO,No,wood,a
Teagan,Pitts,IXY27FNP0OA,No,pitts8288,a
Logan,Vincent,HVU62IHN5OW,No,vincent,a
Carlos,Santiago,YFC74JIY4BL,No,santiago7903,a
Allegra,Kennedy,ISD76YJC6SV,No,kennedy,a
Halee,Herrera,HRZ23YBH8JN,No,herrera,a
Quyn,Sexton,XBK20LJJ8FU,No,sexton,a
Igor,Bates,MIT49QRS3KC,No,bates,a
Madison,Stephenson,UEG12WTL8RO,No,stephenson455,a
Wendy,Ware,JYW77LFO5JA,No,ware,a
Isadora,Dorsey,UTI48CCV6XY,No,dorsey,a
Basil,Carlson,TGO83MIC1HH,No,carlson,a
Azalia,Ortega,VYR07BLI8IX,No,ortega3602,a
Kane,Morin,GWJ50KSC9SS,No,morin,a
Walker,Freeman,GQH87KLP8KM,No,freeman7664,a
Troy,Koch,YJC28IXH9VJ,No,koch,a
Prescott,Moran,HJP82NNQ3CG,No,moran6711,a
Xavier,Castro,XIH93NTZ3OL,No,castro1378,a
September,Kaufman,DFQ73OFS2KC,No,kaufman5296,a
Francesca,Bridges,IZZ72QGO6ET,No,bridges6795,a
Hanae,Ewing,SOB80QHV7DL,No,ewing5407,a
Mia,Shields,PIO38PNL1VX,No,shields3168,a
William,Kidd,EFV61VSO4ZG,No,kidd456,a
Amity,Larsen,ESW46INA1RL,No,larsen,a
Kirsten,Valentine,BDW68UPY9KI,No,valentine267,a
Cassady,Simpson,IMW89ADJ3IF,No,simpson,a
Larissa,Rogers,BBH61QVD5GK,No,rogers8980,a
Chloe,Vincent,YGO31BNP6KN,No,vincent,a
Hayes,Dickson,LGR77USK2XU,No,dickson4039,a
Cameron,Thomas,ULW99PZI0LB,No,thomas,a
Nicole,Merritt,QGN24WEH4MB,No,merritt,a
Conan,Chang,YTI74NSK6CX,No,chang6753,a
Karly,Kemp,WWL76QJT8UJ,No,kemp6578,a
Solomon,Lindsay,JYC10EDU1CV,No,lindsay,a
Illana,Travis,JKA53RRJ8ML,No,travis,a
Dexter,Reyes,SXV43KOS4RE,No,reyes3524,a
Ivor,Drake,VSB84YMT5SW,No,drake,a
Brian,Melendez,YRB84MMJ8IL,No,melendez,a
Gisela,Snider,AYN71TMO4QW,No,snider1764,a
Daquan,Russo,TLV57WFT4QN,No,russo1958,a
Caldwell,Cruz,XZZ46MTV5IT,No,cruz5352,a
Seth,Bass,DRF34OYR5TK,No,bass,a
Mary,Allison,KMW06KCB8KP,No,allison,a
Dustin,Noel,KWD44FMN2QM,No,noel6273,a
Vance,Brewer,MIP70UIJ5VE,No,brewer4926,a
Caryn,Conrad,URR06PPB4DV,No,conrad5652,a
Giacomo,Norton,YJP28MKH3UL,No,norton2161,a
Alexandra,Buck,NQB93SAJ1UN,No,buck,a
Zorita,Morse,HKB46RVK7XE,No,morse,a
Vivien,Kirk,KPL15BHM7UF,No,kirk,a
Tarik,Kemp,LJE33NPO8LR,No,kemp,a
Kirsten,Mckay,XLM16DLV2GD,No,mckay8026,a
Brady,Alvarez,CGS35CMM8TB,No,alvarez2570,a
Ryan,Wynn,MZD54XKA5NP,No,wynn,a
Aquila,Price,WGU35WEC6WF,No,price,a
Zenia,Justice,BTE16YLO8PT,No,justice1991,a
Christian,Harrington,PWX95MEN6FB,No,harrington3606,a
Tarik,Lyons,LGH11EBV0WO,No,lyons7090,a
Ivan,Doyle,RFG14KCN7UH,No,doyle,a
Amethyst,Foley,MLU80ODZ7DF,No,foley,a
Theodore,Barlow,YHQ02NRK0WB,No,barlow,a
Mechelle,Fulton,PEN72TOL8IX,No,fulton8190,a
Sasha,Baldwin,UUD86CIR7PP,No,baldwin,a
Clare,Santos,RPD16CCG6AH,No,santos6492,a
Miriam,White,OQC72XQF8IJ,No,white6781,a
Jasper,Robles,JOE93DHD5UI,No,robles1927,a
Palmer,Farrell,ASW16LQN1VP,No,farrell7716,a
Mohammad,Casey,RMQ17KTZ5OI,No,casey,a
Gareth,Hanson,OGL50TIX5RQ,No,hanson,a
Elizabeth,Kramer,MRU32PKZ6AE,No,kramer489,a
Neve,Hatfield,VNZ58KKO4UM,No,hatfield5929,a
Hamish,Middleton,MWD98IND5RR,No,middleton548,a
Willa,Rice,DDR05GRX5LR,No,rice2194,a
Hyacinth,Sherman,HMC55DRX5CH,No,sherman705,a
Scott,Becker,PKV79NBO7KG,No,becker,a
Buffy,Oneal,FSU45CHV5EF,No,oneal5976,a
Amir,Lester,UVK50RCV6JP,No,lester,a
Tallulah,Rivers,JIB65XLF8AT,No,rivers,a
Clare,Stafford,USH63NLR5AH,No,stafford,a
Moana,Ramos,FDS75ZLY4NH,No,ramos3197,a
Derek,Stephenson,WXN32KOC5DO,No,stephenson,a
Diana,Case,JUK95OSV0PD,No,case,a
Kirk,Banks,VPL48FFU8NV,No,banks,a
Florence,Mueller,HIH26XGS7QP,No,mueller7764,a
Knox,Wall,DDM88XUH1TB,No,wall,a
Sebastian,Parsons,NKO44KTO3QC,No,parsons,a
Wing,Reese,HPQ65JXB2XF,No,reese,a
Tate,Marshall,UCB33ZKR3HW,No,marshall,a
Adele,Zimmerman,KFY74UHY3CB,No,zimmerman3314,a
Alice,Villarreal,MQX03QGT3XI,No,villarreal,a
Dahlia,Blackburn,FRL77QHX3DL,No,blackburn6702,a
Colette,Barnett,FDJ74JYN4RO,No,barnett4081,a
Roanna,Gill,SMW73ODM5BE,No,gill,a
Alea,Hansen,SNH88AOO8HX,No,hansen5720,a
Rigel,Blanchard,JXH74OTS8VR,No,blanchard,a
Carl,Keith,QWG69JKU4RN,No,keith,a
Ina,Terry,OVP47LKS6RC,No,terry,a
Holmes,Underwood,BYJ47EOG2OD,No,underwood,a
Sean,Hyde,XQR94GCP6XU,No,hyde,a
Brittany,Pickett,JKX51VPK3QV,No,pickett2634,a
Knox,Carter,RKD23GKB4KH,No,carter,a
Wallace,Langley,RQT57XYX6SQ,No,langley1871,a
Kaseem,Fox,TTY68KNT9NE,No,fox9567,a
Nola,Dejesus,KOC35TCI1NG,No,dejesus,a
Tanya,Fulton,JMP75KZN8CK,No,fulton,a
Cole,Welch,TPW44UWB6LB,No,welch,a
Baker,Herman,GWW84MOT7IO,No,herman,a
Nell,Morrow,ZBQ45GBW3UM,No,morrow4602,a
Rebecca,Bond,YBD44GKS6RT,No,bond,a
Shay,Mcfadden,KSY87LBO8TJ,No,mcfadden2996,a
Maris,Carlson,TQL29NBP9YB,No,carlson9973,a
Mona,Vega,TZX68LDG2ON,No,vega,a
Griffith,Graves,XXD35QAW7DV,No,graves4735,a
Madaline,Duke,PFB68HRZ6LC,No,duke6333,a
Sigourney,Cruz,ZKJ24YJV6VX,No,cruz3050,a
Deacon,Workman,BOU71TBN1JF,No,workman1093,a
Vivien,Mosley,OJO84PWC2HQ,No,mosley,a
Fritz,Pearson,ZTK84NUT4PO,No,pearson9104,a
Cailin,Wilcox,TUI93DBH8ZX,No,wilcox,a
Kevyn,Singleton,CXT07EAZ3MM,No,singleton4095,a
Bryar,Chapman,VND77FOV7ZY,No,chapman,a
Aimee,Collier,NFG22AHD2NU,No,collier1295,a
Imani,Brooks,JKU08FHW5YQ,No,brooks,a
Armand,Spence,DXU68VWV3YL,No,spence,a
Helen,Hoover,ZYH22EYP5HY,No,hoover1726,a
Beck,Harper,PWK24LLU0GY,No,harper7954,a
Peter,Kline,SPF61LJO5EO,No,kline9436,a
Declan,May,MJP35UJL7DY,No,May-95,a
Wayne,Foley,QYB22JLK6YM,No,foley,a
Daniel,Osborne,QUV37IUC4TO,No,osborne8332,a
Latifah,Baird,QNC72PQR6NR,No,baird,a
Gary,Brock,RGU74LPI3UJ,No,brock6746,a
Castor,Hoover,NYZ41QED1MG,No,hoover,a
Chandler,Mayo,GMP68NMP8BE,No,mayo9735,a
Shaeleigh,Knight,DCD61XRK6NJ,No,knight,a
Jameson,Allison,GMZ60PVQ7KR,No,allison8452,a
Hiram,Morris,CGP72ZTN5OC,No,morris1996,a
Salvador,Baird,PSA42VFS4CX,No,baird,a
Evangeline,Noel,ONU22MUL2FP,No,noel,a
Charlotte,Pace,GMI56RZP8GY,No,pace,a
Arden,Mayo,PUF13BCW8HO,No,mayo9269,a
Channing,Greene,RYX63WYX4QO,No,greene,a
Ronan,Orr,UOL72SGN5UU,No,orr880,a
Alea,Gonzales,JWE16PFJ6QC,No,gonzales7848,a
Rogan,Foley,KKJ77WYD5OX,No,foley5687,a
Joelle,Kelley,GIN81DGV5GO,No,kelley3779,a
Bryar,Manning,GIG33WXB2MV,No,manning,a
Autumn,Moore,IWK68NFD4XZ,No,moore6820,a
Chase,Solomon,MGQ63FIC3JV,No,solomon9709,a
TaShya,Spencer,MQD57DMM7SE,No,spencer,a
Joshua,Burks,EEU84BBW7AU,No,burks6704,a
Cedric,Moses,OYQ23QDX6CI,No,moses4339,a
Cedric,Frost,PFQ50UDN5FY,No,frost8245,a
Sophia,Burgess,AWX83SBX7JU,No,burgess,a
Quentin,Merritt,DMY15ERM2SI,No,merritt,a
Nell,Ayers,MXO76MXM1FU,No,ayers2288,a
Grace,Barrera,ESK47OYD0CU,No,barrera,a
Luke,Buckley,MTT34FCN3DE,No,buckley,a
Sybill,Ball,ADH87ZJN7EL,No,ball5649,a
Todd,Mercado,XQX54AMU5PA,No,mercado7519,a
Larissa,Ayala,RID23CRC3YG,No,ayala,a
William,Holmes,RCQ36DQQ4VU,No,holmes1457,a
Akeem,Alford,MQL60SFR3FC,No,alford,a
Lucius,Berg,FDZ33EJR1ZR,No,berg,a
Xander,Francis,PDF46BYF3KX,No,francis851,a
Dennis,Gillespie,NUR35PYO8UX,No,gillespie,a
Dale,Campos,CCC11BLL2RH,No,campos,a
Jordan,Barr,POO88WUD8HT,No,barr,a
Vladimir,Smith,LLT92NLC4VB,No,smith,a
Haviva,Meyer,IWZ28HMX6BI,No,meyer8059,a
Burke,Valdez,HFI73GOG3GL,No,valdez,a
Uriel,Rowland,KPY94OGD8ZA,No,rowland3157,a
Xandra,Griffith,UYV72QKD5RD,No,griffith,a
Moses,Carpenter,UYE47DVP1QP,No,carpenter,a
Ciaran,Hardin,HIL47APG1BW,No,hardin,a
Berk,Norman,LED31RDF3XN,No,norman8511,a
Ronan,Mcintyre,MNI18RFP7JS,No,mcintyre2101,a
Amery,Cochran,QCF82TBK4UT,No,cochran5702,a
Shea,Williamson,NRE97HSJ2MC,No,williamson,a
Holly,Ayala,CSD10SUT2XW,No,ayala,a
Harrison,Spence,KWP07AHS6AI,No,spence6324,a
Seth,Pate,SEY82KZR6QF,No,pate,a
Caryn,Simon,WDE94GGQ6TH,No,simon,a
Brian,Jefferson,RLC69CSH9LR,No,jefferson8435,a
Abigail,Durham,YFP54MPY7XH,No,durham2669,a
Kylee,Mccormick,MLD85MRO0GP,No,mccormick9707,a
Chaim,Vasquez,WGK77KOM2LT,No,vasquez,a
Gavin,Fleming,KQP62XZY0CS,No,fleming8924,a
Clayton,Bates,DTB68GTX1OF,No,bates4627,a
Cassidy,Farrell,WKM27IQK4PF,No,farrell2137,a
Jarrod,Robbins,KNM13SHA4WJ,No,robbins857,a
Amy,Hendrix,NVE71BPU6KU,No,hendrix8282,a
Larissa,Duffy,SFH92HQD0JO,No,duffy5102,a
Calista,Cummings,VRU66XSF2LB,No,cummings,a
Porter,Ramsey,TDX92SCJ2ME,No,ramsey1152,a
Wang,Mcclure,JQS82PRM5RH,No,mcclure7616,a
Henry,Gordon,LKM49DDS5BM,No,gordon1226,a
Adrian,Mercado,HNM54FYA7SD,No,mercado5797,a
Stuart,Keith,EKS41JRG3EH,No,keith,a
Kane,Hardin,UBL13CAW4AD,No,hardin,a
Brandon,Lawrence,OIK14QMV7MX,No,lawrence1859,a
Anthony,Vincent,OKB85OGB8ZH,No,vincent,a
Ocean,Romero,VDG44HEU1LQ,No,romero7157,a
Robert,Guy,NQM46FNJ1IT,No,guy7383,a
Emmanuel,Sanford,YRP97OJD1TS,No,sanford3196,a
Jameson,Bowen,BMD46SZY5XU,No,bowen1302,a
Cynthia,Alvarez,RUM47HKD5ID,No,alvarez1260,a
Keane,Raymond,SOJ93YPT2UN,No,raymond6852,a
Kenyon,Pickett,VDE37EHX7CV,No,pickett,a
Phelan,Bell,BPB53HCL7LL,No,bell9959,a
Darius,Holman,RNV83XCQ6SE,No,holman,a
Stacey,Blackburn,HCH27VQV1TU,No,blackburn4523,a
Jordan,Mays,KCY62KVC3VX,No,mays,a
Neville,Gates,JHE58PEI5CB,No,gates1352,a
Kadeem,Shaw,XIV47YJN9RG,No,shaw,a
Hunter,Carrillo,RLV95YQO7AC,No,carrillo,a
Dorian,Daniels,OGZ42IJG3QT,No,daniels283,a
Breanna,Barton,FIW26OLP1EP,No,barton,a
Pascale,Blackburn,MVX80LNP5YS,No,blackburn,a
Lenore,Travis,HWT83KIL3LD,No,travis2109,a
Cooper,Mullins,TTM42JHR6OT,No,mullins9154,a
Galena,Powers,OTF05KVA6ZJ,No,powers2531,a
Melinda,Levy,GEQ11LFB7QB,No,levy2109,a
Anastasia,Randolph,GZN27UVI6VF,No,randolph712,a
